,Unnamed: 0,Date,Hour,Cluster,Rides,Full_Pred
0,,,,,,6.0126815
1,,,,,,6.008146
2,,,,,,6.005148
3,,,,,,6.003487
4,,,,,,6.0002
5,,,,,,5.995361
6,,,,,,5.9880333
7,,,,,,5.9802074
8,,,,,,5.9746957
9,,,,,,5.9728017
10,,,,,,5.975176
11,,,,,,5.9815326
12,,,,,,5.990342
13,,,,,,5.9999185
14,,,,,,6.009447
15,,,,,,6.017888
16,,,,,,6.021874
17,,,,,,6.022065
18,,,,,,6.01773
19,,,,,,6.0079236
20,,,,,,5.997502
21,,,,,,5.991253
22,,,,,,5.9881005
23,,,,,,5.984943
24,,,,,,5.983633
25,,,,,,5.986015
26,,,,,,5.994517
27,,,,,,6.0098977
28,,,,,,6.030519
29,,,,,,6.053165
30,,,,,,6.0710597
31,,,,,,6.084384
32,,,,,,6.095131
33,,,,,,6.1048994
34,,,,,,6.114298
35,,,,,,6.1220384
36,,,,,,6.1278143
37,,,,,,6.1305156
38,,,,,,6.1304784
39,,,,,,6.117357
40,,,,,,6.094239
41,,,,,,6.0687013
42,,,,,,6.04794
43,,,,,,6.0367
44,,,,,,6.036356
45,,,,,,6.0418806
46,,,,,,6.0501423
47,,,,,,6.060324
48,,,,,,6.072536
49,,,,,,6.086452
50,,,,,,6.1010985
51,,,,,,6.1151237
52,,,,,,6.1266336
53,,,,,,6.1347136
54,,,,,,6.1390343
55,,,,,,6.1396356
56,,,,,,6.136805
57,,,,,,6.1289024
58,,,,,,6.115692
59,,,,,,6.0987782
60,,,,,,6.0814037
61,,,,,,6.064172
62,,,,,,6.048811
63,,,,,,6.0341277
64,,,,,,6.02229
65,,,,,,6.0153766
66,,,,,,6.0141783
67,,,,,,6.017652
68,,,,,,6.023543
69,,,,,,6.0297937
70,,,,,,6.035053
71,,,,,,6.039228
72,,,,,,6.0404987
73,,,,,,6.035182
74,,,,,,6.0261097
75,,,,,,6.016353
76,,,,,,6.007838
77,,,,,,5.9980865
78,,,,,,5.9912767
79,,,,,,5.99211
80,,,,,,6.0021996
81,,,,,,6.02051
82,,,,,,6.044385
83,,,,,,6.0700493
84,,,,,,6.093584
85,,,,,,6.1133227
86,,,,,,6.1265836
87,,,,,,6.1340857
88,,,,,,6.134851
89,,,,,,6.131875
90,,,,,,6.128304
91,,,,,,6.1249976
92,,,,,,6.122361
93,,,,,,6.1198273
94,,,,,,6.1167345
95,,,,,,6.1132135
96,,,,,,6.108474
97,,,,,,6.103584
98,,,,,,6.099615
99,,,,,,6.097024
100,,,,,,6.09565
101,,,,,,6.094945
102,,,,,,6.094224
103,,,,,,6.089723
104,,,,,,6.0816507
105,,,,,,6.071648
106,,,,,,6.059885
107,,,,,,6.0471797
108,,,,,,6.0330944
109,,,,,,6.0203996
110,,,,,,6.0101814
111,,,,,,6.0017595
112,,,,,,5.9956164
113,,,,,,5.9945483
114,,,,,,6.000311
115,,,,,,6.0117407
116,,,,,,6.0260215
117,,,,,,6.042041
118,,,,,,6.0589166
119,,,,,,6.071911
120,,,,,,6.081219
121,,,,,,6.0877876
122,,,,,,6.091945
123,,,,,,6.094929
124,,,,,,6.096068
125,,,,,,6.094642
126,,,,,,6.0873785
127,,,,,,6.076992
128,,,,,,6.0666842
129,,,,,,6.0592933
130,,,,,,6.055726
131,,,,,,6.055691
132,,,,,,6.0593495
133,,,,,,6.063144
134,,,,,,6.066673
135,,,,,,6.0682826
136,,,,,,6.064875
137,,,,,,6.0562687
138,,,,,,6.0473557
139,,,,,,6.032141
140,,,,,,6.0174074
141,,,,,,6.010873
142,,,,,,6.0161963
143,,,,,,6.031554
144,,,,,,6.054147
145,,,,,,6.0812078
146,,,,,,6.10774
147,,,,,,6.122303
148,,,,,,6.1260304
149,,,,,,6.1245856
150,,,,,,6.120604
151,,,,,,6.117174
152,,,,,,6.1190767
153,,,,,,6.1288443
154,,,,,,6.1450753
155,,,,,,6.163607
156,,,,,,6.17939
157,,,,,,6.1922503
158,,,,,,6.2014823
159,,,,,,6.2065673
160,,,,,,6.207949
161,,,,,,6.207363
162,,,,,,6.2045226
163,,,,,,6.1994
164,,,,,,6.1916676
165,,,,,,6.1813526
166,,,,,,6.1668406
167,,,,,,6.1513004
168,,,,,,6.1333838
169,,,,,,6.1157184
170,,,,,,6.1012187
171,,,,,,6.0911126
172,,,,,,6.085972
173,,,,,,6.086523
174,,,,,,6.0918956
175,,,,,,6.100879
176,,,,,,6.111313
177,,,,,,6.121072
178,,,,,,6.121734
179,,,,,,6.108615
180,,,,,,6.0874834
181,,,,,,6.066011
182,,,,,,6.051583
183,,,,,,6.047044
184,,,,,,6.0530243
185,,,,,,6.066844
186,,,,,,6.084778
187,,,,,,6.09809
188,,,,,,6.107169
189,,,,,,6.1136518
190,,,,,,6.119478
191,,,,,,6.1262536
192,,,,,,6.1270504
193,,,,,,6.122971
194,,,,,,6.1157413
195,,,,,,6.1082563
196,,,,,,6.10437
197,,,,,,6.1051416
198,,,,,,6.1109385
199,,,,,,6.120905
200,,,,,,6.1311784
201,,,,,,6.138339
202,,,,,,6.139524
203,,,,,,6.115496
204,,,,,,6.0746646
205,,,,,,6.0255203
206,,,,,,5.985399
207,,,,,,5.966683
208,,,,,,5.973867
209,,,,,,6.005768
210,,,,,,6.0497556
211,,,,,,6.0987015
212,,,,,,6.1479754
213,,,,,,6.1941786
214,,,,,,6.2352667
215,,,,,,6.267117
216,,,,,,6.289113
217,,,,,,6.301613
218,,,,,,6.305658
219,,,,,,6.303742
220,,,,,,6.2991815
221,,,,,,6.2936153
222,,,,,,6.286902
223,,,,,,6.2789235
224,,,,,,6.2689886
225,,,,,,6.256085
226,,,,,,6.240378
227,,,,,,6.2226343
228,,,,,,6.2048726
229,,,,,,6.1860623
230,,,,,,6.163689
231,,,,,,6.137928
232,,,,,,6.113788
233,,,,,,6.095733
234,,,,,,6.085893
235,,,,,,6.0756745
236,,,,,,6.065935
237,,,,,,6.059729
238,,,,,,6.059699
239,,,,,,6.0665474
240,,,,,,6.0786076
241,,,,,,6.0911884
242,,,,,,6.1014495
243,,,,,,6.1086726
244,,,,,,6.1114993
245,,,,,,6.101581
246,,,,,,6.0772448
247,,,,,,6.0484505
248,,,,,,6.0255966
249,,,,,,6.016759
250,,,,,,6.0243416
251,,,,,,6.0468535
252,,,,,,6.0790105
253,,,,,,6.1152587
254,,,,,,6.1501613
255,,,,,,6.177539
256,,,,,,6.1968555
257,,,,,,6.207835
258,,,,,,6.2114496
259,,,,,,6.2091556
260,,,,,,6.2019515
261,,,,,,6.1924677
262,,,,,,6.1823645
263,,,,,,6.172975
264,,,,,,6.163283
265,,,,,,6.143257
266,,,,,,6.1100345
267,,,,,,6.073938
268,,,,,,6.045736
269,,,,,,6.0312867
270,,,,,,6.031668
271,,,,,,6.043002
272,,,,,,6.0607753
273,,,,,,6.0809603
274,,,,,,6.0968113
275,,,,,,6.1061316
276,,,,,,6.1126122
277,,,,,,6.1142535
278,,,,,,6.1151285
279,,,,,,6.118139
280,,,,,,6.1238613
281,,,,,,6.132107
282,,,,,,6.142509
283,,,,,,6.1536064
284,,,,,,6.163216
285,,,,,,6.169135
286,,,,,,6.1697063
287,,,,,,6.165175
288,,,,,,6.132673
289,,,,,,6.083411
290,,,,,,6.0346227
291,,,,,,6.0030127
292,,,,,,5.9974666
293,,,,,,6.018048
294,,,,,,6.059083
295,,,,,,6.1101694
296,,,,,,6.1636047
297,,,,,,6.212607
298,,,,,,6.2509074
299,,,,,,6.2766795
300,,,,,,6.291071
301,,,,,,6.2956715
302,,,,,,6.293877
303,,,,,,6.2880163
304,,,,,,6.269974
305,,,,,,6.23763
306,,,,,,6.2007875
307,,,,,,6.1685066
308,,,,,,6.138297
309,,,,,,6.1136756
310,,,,,,6.100398
311,,,,,,6.099809
312,,,,,,6.11173
313,,,,,,6.1332216
314,,,,,,6.160003
315,,,,,,6.187666
316,,,,,,6.2109013
317,,,,,,6.2276516
318,,,,,,6.2370086
319,,,,,,6.2380185
320,,,,,,6.231905
321,,,,,,6.2196097
322,,,,,,6.2035327
323,,,,,,6.185036
324,,,,,,6.166862
325,,,,,,6.1506577
326,,,,,,6.1329265
327,,,,,,6.1163406
328,,,,,,6.103628
329,,,,,,6.0961847
330,,,,,,6.0939584
331,,,,,,6.091141
332,,,,,,6.086879
333,,,,,,6.0837665
334,,,,,,6.084075
335,,,,,,6.088042
336,,,,,,6.0952024
337,,,,,,6.101765
338,,,,,,6.0977273
339,,,,,,6.0869513
340,,,,,,6.075201
341,,,,,,6.06478
342,,,,,,6.057583
343,,,,,,6.0556455
344,,,,,,6.060763
345,,,,,,6.0703135
346,,,,,,6.083617
347,,,,,,6.098821
348,,,,,,6.1149235
349,,,,,,6.129813
350,,,,,,6.1416054
351,,,,,,6.144963
352,,,,,,6.1421824
353,,,,,,6.125086
354,,,,,,6.1011662
355,,,,,,6.0802374
356,,,,,,6.0684133
357,,,,,,6.067137
358,,,,,,6.074378
359,,,,,,6.088462
360,,,,,,6.102974
361,,,,,,6.116329
362,,,,,,6.1148105
363,,,,,,6.103623
364,,,,,,6.0884156
365,,,,,,6.0755043
366,,,,,,6.071266
367,,,,,,6.0576086
368,,,,,,6.039745
369,,,,,,6.029081
370,,,,,,6.0343256
371,,,,,,6.0593476
372,,,,,,6.1018333
373,,,,,,6.155719
374,,,,,,6.2109637
375,,,,,,6.2610984
376,,,,,,6.30275
377,,,,,,6.333739
378,,,,,,6.354198
379,,,,,,6.3649964
380,,,,,,6.3639846
381,,,,,,6.299665
382,,,,,,6.194264
383,,,,,,6.0877
384,,,,,,6.0127296
385,,,,,,5.984668
386,,,,,,6.0038223
387,,,,,,6.0581017
388,,,,,,6.1340384
389,,,,,,6.219795
390,,,,,,6.3051558
391,,,,,,6.3803773
392,,,,,,6.4040446
393,,,,,,6.3828073
394,,,,,,6.3309007
395,,,,,,6.2668786
396,,,,,,6.2171135
397,,,,,,6.200203
398,,,,,,6.22084
399,,,,,,6.273861
400,,,,,,6.348253
401,,,,,,6.431626
402,,,,,,6.5086956
403,,,,,,6.5715947
404,,,,,,6.6066647
405,,,,,,6.6160355
406,,,,,,6.606895
407,,,,,,6.5863867
408,,,,,,6.559774
409,,,,,,6.5302362
410,,,,,,6.497776
411,,,,,,6.464106
412,,,,,,6.4308
413,,,,,,6.397147
414,,,,,,6.3639455
415,,,,,,6.331574
416,,,,,,6.300235
417,,,,,,6.269556
418,,,,,,6.239906
419,,,,,,6.210793
420,,,,,,6.182046
421,,,,,,6.1540565
422,,,,,,6.127614
423,,,,,,6.1031055
424,,,,,,6.0825815
425,,,,,,6.0681386
426,,,,,,6.060555
427,,,,,,6.0581636
428,,,,,,6.058747
429,,,,,,6.0614777
430,,,,,,6.0647173
431,,,,,,6.06815
432,,,,,,6.071689
433,,,,,,6.0751104
434,,,,,,6.076987
435,,,,,,6.0667906
436,,,,,,6.0461764
437,,,,,,6.015904
438,,,,,,5.986732
439,,,,,,5.9678903
440,,,,,,5.964542
441,,,,,,5.976637
442,,,,,,6.000841
443,,,,,,6.0328913
444,,,,,,6.066135
445,,,,,,6.0972004
446,,,,,,6.124245
447,,,,,,6.1409397
448,,,,,,6.1470623
449,,,,,,6.141912
450,,,,,,6.1308417
451,,,,,,6.116855
452,,,,,,6.1051598
453,,,,,,6.099353
454,,,,,,6.1005125
455,,,,,,6.10765
456,,,,,,6.118575
457,,,,,,6.130212
458,,,,,,6.1404376
459,,,,,,6.147349
460,,,,,,6.1503773
461,,,,,,6.1491013
462,,,,,,6.1436157
463,,,,,,6.1350446
464,,,,,,6.124643
465,,,,,,6.09876
466,,,,,,6.063569
467,,,,,,6.0292172
468,,,,,,6.0036473
469,,,,,,5.9902587
470,,,,,,5.9900346
471,,,,,,5.9998617
472,,,,,,5.9639134
473,,,,,,5.8972464
474,,,,,,5.8166513
475,,,,,,5.74779
476,,,,,,5.7195716
477,,,,,,5.7449913
478,,,,,,5.823591
479,,,,,,5.944738
480,,,,,,6.091332
481,,,,,,6.2455564
482,,,,,,6.391658
483,,,,,,6.518168
484,,,,,,6.617782
485,,,,,,6.6843786
486,,,,,,6.7123585
487,,,,,,6.6891766
488,,,,,,6.631642
489,,,,,,6.5619445
490,,,,,,6.4966836
491,,,,,,6.4453645
492,,,,,,6.4102693
493,,,,,,6.389716
494,,,,,,6.379726
495,,,,,,6.3724127
496,,,,,,6.363013
497,,,,,,6.3498816
498,,,,,,6.333025
499,,,,,,6.3131924
500,,,,,,6.2919106
501,,,,,,6.2689204
502,,,,,,6.2246428
503,,,,,,6.1567817
504,,,,,,6.085313
505,,,,,,6.0302243
506,,,,,,6.003185
507,,,,,,6.0071864
508,,,,,,6.0381355
509,,,,,,6.0867567
510,,,,,,6.142837
511,,,,,,6.193916
512,,,,,,6.2345414
513,,,,,,6.2600822
514,,,,,,6.27392
515,,,,,,6.2792253
516,,,,,,6.2595644
517,,,,,,6.223315
518,,,,,,6.18518
519,,,,,,6.1515245
520,,,,,,6.1301703
521,,,,,,6.126392
522,,,,,,6.140684
523,,,,,,6.170068
524,,,,,,6.2091284
525,,,,,,6.251036
526,,,,,,6.286963
527,,,,,,6.3138695
528,,,,,,6.3302393
529,,,,,,6.3370013
530,,,,,,6.334182
531,,,,,,6.317617
532,,,,,,6.292071
533,,,,,,6.263358
534,,,,,,6.2296376
535,,,,,,6.1920953
536,,,,,,6.157846
537,,,,,,6.1329026
538,,,,,,6.118867
539,,,,,,6.115588
540,,,,,,6.120604
541,,,,,,6.130561
542,,,,,,6.1295757
543,,,,,,6.1191907
544,,,,,,6.103436
545,,,,,,6.088219
546,,,,,,6.0801415
547,,,,,,6.08267
548,,,,,,6.078876
549,,,,,,6.0708694
550,,,,,,6.0550117
551,,,,,,6.039616
552,,,,,,6.028647
553,,,,,,6.0276747
554,,,,,,6.0435095
555,,,,,,6.077259
556,,,,,,6.1253395
557,,,,,,6.1826
558,,,,,,6.242845
559,,,,,,6.298866
560,,,,,,6.3453727
561,,,,,,6.379686
562,,,,,,6.3992834
563,,,,,,6.4044824
564,,,,,,6.397675
565,,,,,,6.3817425
566,,,,,,6.3577805
567,,,,,,6.3285894
568,,,,,,6.29649
569,,,,,,6.2623196
570,,,,,,6.2279487
571,,,,,,6.1957417
572,,,,,,6.1668534
573,,,,,,6.141672
574,,,,,,6.1185718
575,,,,,,6.0685406
576,,,,,,5.980571
577,,,,,,5.879412
578,,,,,,5.7766776
579,,,,,,5.704428
580,,,,,,5.685736
581,,,,,,5.726809
582,,,,,,5.820453
583,,,,,,5.951561
584,,,,,,6.095305
585,,,,,,6.221391
586,,,,,,6.3251843
587,,,,,,6.4096513
588,,,,,,6.478413
589,,,,,,6.5329866
590,,,,,,6.5745654
591,,,,,,6.601909
592,,,,,,6.5621724
593,,,,,,6.474244
594,,,,,,6.3590126
595,,,,,,6.2461696
596,,,,,,6.1683183
597,,,,,,6.14165
598,,,,,,6.1682954
599,,,,,,6.2395735
600,,,,,,6.339752
601,,,,,,6.451864
602,,,,,,6.560589
603,,,,,,6.65457
604,,,,,,6.72638
605,,,,,,6.7696104
606,,,,,,6.778272
607,,,,,,6.739375
608,,,,,,6.6692524
609,,,,,,6.5896297
610,,,,,,6.5166674
611,,,,,,6.4594707
612,,,,,,6.419969
613,,,,,,6.3961706
614,,,,,,6.383841
615,,,,,,6.374879
616,,,,,,6.3643503
617,,,,,,6.350474
618,,,,,,6.3331456
619,,,,,,6.313036
620,,,,,,6.2916093
621,,,,,,6.2685604
622,,,,,,6.2242765
623,,,,,,6.1564403
624,,,,,,6.0850134
625,,,,,,6.029971
626,,,,,,6.0029798
627,,,,,,6.0070224
628,,,,,,6.038008
629,,,,,,6.0866585
630,,,,,,6.142762
631,,,,,,6.1938586
632,,,,,,6.2344966
633,,,,,,6.2600474
634,,,,,,6.2738924
635,,,,,,6.2792015
636,,,,,,6.259544
637,,,,,,6.2232957
638,,,,,,6.185162
639,,,,,,6.1515064
640,,,,,,6.1301537
641,,,,,,6.126375
642,,,,,,6.140667
643,,,,,,6.1700516
644,,,,,,6.2091126
645,,,,,,6.251021
646,,,,,,6.286948
647,,,,,,6.313855
648,,,,,,6.3302255
649,,,,,,6.336988
650,,,,,,6.3341694
651,,,,,,6.317607
652,,,,,,6.2920613
653,,,,,,6.2633486
654,,,,,,6.2296295
655,,,,,,6.192087
656,,,,,,6.1578393
657,,,,,,6.132897
658,,,,,,6.118861
659,,,,,,6.115583
660,,,,,,6.1206
661,,,,,,6.130557
662,,,,,,6.1295724
663,,,,,,6.1191874
664,,,,,,6.103433
665,,,,,,6.0882177
666,,,,,,6.0801396
667,,,,,,6.082669
668,,,,,,6.0788746
669,,,,,,6.0708685
670,,,,,,6.055011
671,,,,,,6.039615
672,,,,,,6.0286465
673,,,,,,6.027674
674,,,,,,6.0435085
675,,,,,,6.0772586
676,,,,,,6.125339
677,,,,,,6.1826
678,,,,,,6.242845
679,,,,,,6.298866
680,,,,,,6.3453727
681,,,,,,6.379686
682,,,,,,6.3992834
683,,,,,,6.4044824
684,,,,,,6.397675
685,,,,,,6.3817425
686,,,,,,6.3577805
687,,,,,,6.3285894
688,,,,,,6.29649
689,,,,,,6.2623196
690,,,,,,6.227948
691,,,,,,6.1957417
692,,,,,,6.1668534
693,,,,,,6.141672
694,,,,,,6.1185718
695,,,,,,6.068541
696,,,,,,5.9805713
697,,,,,,5.8794117
698,,,,,,5.776677
699,,,,,,5.704428
700,,,,,,5.685736
701,,,,,,5.726809
702,,,,,,5.8204527
703,,,,,,5.9515615
704,,,,,,6.095305
705,,,,,,6.235705
706,,,,,,6.3626857
707,,,,,,6.4697566
708,,,,,,6.5520005
709,,,,,,6.6060615
710,,,,,,6.6310816
711,,,,,,6.630849
712,,,,,,6.5742507
713,,,,,,6.481787
714,,,,,,6.3849583
715,,,,,,6.307543
716,,,,,,6.260725
717,,,,,,6.244278
718,,,,,,6.252839
719,,,,,,6.2788854
720,,,,,,6.3136563
721,,,,,,6.3497477
722,,,,,,6.3819666
723,,,,,,6.406766
724,,,,,,6.41832
725,,,,,,6.393479
726,,,,,,6.3432713
727,,,,,,6.2853
728,,,,,,6.2229757
729,,,,,,6.170958
730,,,,,,6.1408563
731,,,,,,6.1337647
732,,,,,,6.148451
733,,,,,,6.178857
734,,,,,,6.2168546
735,,,,,,6.256626
736,,,,,,6.288442
737,,,,,,6.3114715
738,,,,,,6.326948
739,,,,,,6.335691
740,,,,,,6.3371973
741,,,,,,6.331814
742,,,,,,6.3215594
743,,,,,,6.308938
744,,,,,,6.2956433
745,,,,,,6.28237
746,,,,,,6.2680373
747,,,,,,6.252123
748,,,,,,6.2351093
749,,,,,,6.217108
750,,,,,,6.174691
751,,,,,,6.116966
752,,,,,,6.061409
753,,,,,,6.020247
754,,,,,,6.000634
755,,,,,,6.003604
756,,,,,,6.0228806
757,,,,,,6.052748
758,,,,,,6.0878825
759,,,,,,6.1204634
760,,,,,,6.144792
761,,,,,,6.152159
762,,,,,,6.1474905
763,,,,,,6.1403546
764,,,,,,6.136497
765,,,,,,6.1302414
766,,,,,,6.1258974
767,,,,,,6.1283574
768,,,,,,6.139741
769,,,,,,6.159131
770,,,,,,6.1814466
771,,,,,,6.203692
772,,,,,,6.2231865
773,,,,,,6.238459
774,,,,,,6.2460265
775,,,,,,6.244343
776,,,,,,6.2338667
777,,,,,,6.2175303
778,,,,,,6.1954026
779,,,,,,6.1706967
780,,,,,,6.142187
781,,,,,,6.1136885
782,,,,,,6.0910907
783,,,,,,6.0787945
784,,,,,,6.077539
785,,,,,,6.0839214
786,,,,,,6.0932965
787,,,,,,6.100989
788,,,,,,6.1069803
789,,,,,,6.112977
790,,,,,,6.1207304
791,,,,,,6.1302285
792,,,,,,6.1330743
793,,,,,,6.125892
794,,,,,,6.1095657
795,,,,,,6.0917726
796,,,,,,6.077944
797,,,,,,6.0735073
798,,,,,,6.077533
799,,,,,,6.090131
800,,,,,,6.110207
801,,,,,,6.1337004
802,,,,,,6.1569014
803,,,,,,6.1780334
804,,,,,,6.195966
805,,,,,,6.2092876
806,,,,,,6.216996
807,,,,,,6.2192707
808,,,,,,6.2162027
809,,,,,,6.1919446
810,,,,,,6.153861
811,,,,,,6.114156
812,,,,,,6.083059
813,,,,,,6.065397
814,,,,,,6.0620522
815,,,,,,6.069802
816,,,,,,6.084645
817,,,,,,6.1016116
818,,,,,,6.11832
819,,,,,,6.1318407
820,,,,,,6.140232
821,,,,,,6.1439376
822,,,,,,6.144111
823,,,,,,6.139763
824,,,,,,6.133014
825,,,,,,6.1251225
826,,,,,,6.1178856
827,,,,,,6.112429
828,,,,,,6.1089764
829,,,,,,6.1070795
830,,,,,,6.1059465
831,,,,,,6.104213
832,,,,,,6.10033
833,,,,,,6.094071
834,,,,,,6.086454
835,,,,,,6.078058
836,,,,,,6.069828
837,,,,,,6.060895
838,,,,,,6.052146
839,,,,,,6.044645
840,,,,,,6.038489
841,,,,,,6.0329137
842,,,,,,6.0283656
843,,,,,,6.02534
844,,,,,,6.022933
845,,,,,,6.021309
846,,,,,,6.020207
847,,,,,,6.0182743
848,,,,,,6.014652
849,,,,,,6.0103893
850,,,,,,6.0062895
851,,,,,,6.003997
852,,,,,,6.004033
853,,,,,,6.004624
854,,,,,,5.9979095
855,,,,,,5.9872456
856,,,,,,5.9788814
857,,,,,,5.9773726
858,,,,,,5.9843626
859,,,,,,5.9990053
860,,,,,,6.0189157
861,,,,,,6.040091
862,,,,,,6.0601153
863,,,,,,6.077488
864,,,,,,6.090252
865,,,,,,6.098341
866,,,,,,6.101862
867,,,,,,6.10178
868,,,,,,6.0970526
869,,,,,,6.0861588
870,,,,,,6.072325
871,,,,,,6.0592747
872,,,,,,6.0484667
873,,,,,,6.039161
874,,,,,,6.0116305
875,,,,,,5.9737053
876,,,,,,5.940083
877,,,,,,5.922537
878,,,,,,5.9251847
879,,,,,,5.936424
880,,,,,,5.955703
881,,,,,,5.98112
882,,,,,,6.012981
883,,,,,,6.0512257
884,,,,,,6.094659
885,,,,,,6.140029
886,,,,,,6.1839423
887,,,,,,6.222656
888,,,,,,6.2537384
889,,,,,,6.2742386
890,,,,,,6.2842665
891,,,,,,6.284149
892,,,,,,6.275481
893,,,,,,6.2608685
894,,,,,,6.2416945
895,,,,,,6.220188
896,,,,,,6.1967225
897,,,,,,6.1716084
898,,,,,,6.1471934
899,,,,,,6.1256313
900,,,,,,6.107577
901,901.0,2018-04-11,19.0,5.0,2.0,6.0871162
902,,,,,,6.0664353
903,,,,,,6.049316
904,,,,,,6.0367804
905,,,,,,6.0285835
906,,,,,,6.0240264
907,,,,,,6.023928
908,,,,,,6.0280848
909,,,,,,6.034467
910,,,,,,6.041576
911,,,,,,6.0494633
912,912.0,2018-04-11,20.0,5.0,1.0,6.051902
913,,,,,,6.050896
914,,,,,,6.04961
915,,,,,,6.0508494
916,,,,,,6.0553155
917,,,,,,6.062914
918,,,,,,6.0711594
919,,,,,,6.078738
920,,,,,,6.083387
921,,,,,,6.08588
922,,,,,,6.087515
923,,,,,,6.0880814
924,,,,,,6.0776844
925,,,,,,6.060715
926,,,,,,6.043021
927,,,,,,6.0307326
928,,,,,,6.0272965
929,,,,,,6.03262
930,,,,,,6.045123
931,,,,,,6.06225
932,,,,,,6.0811443
933,,,,,,6.098141
934,,,,,,6.111079
935,,,,,,6.117478
936,,,,,,6.1179366
937,,,,,,6.1130943
938,,,,,,6.105098
939,,,,,,6.096071
940,,,,,,6.0859494
941,,,,,,6.07612
942,942.0,2018-04-11,23.0,5.0,6.0,6.0684376
943,,,,,,6.0639524
944,,,,,,6.0600853
945,,,,,,6.053436
946,,,,,,6.0461316
947,,,,,,6.0405235
948,,,,,,6.038549
949,,,,,,6.040316
950,,,,,,6.045448
951,,,,,,6.0529904
952,,,,,,6.06061
953,,,,,,6.067375
954,,,,,,6.0718455
955,,,,,,6.074193
956,,,,,,6.0744705
957,,,,,,6.072302
958,,,,,,6.065557
959,,,,,,6.0517855
960,,,,,,6.0277615
961,,,,,,6.001176
962,,,,,,5.9805264
963,,,,,,5.971118
964,,,,,,5.9749374
965,,,,,,5.9902515
966,,,,,,6.013953
967,,,,,,6.042243
968,,,,,,6.070311
969,,,,,,6.095377
970,,,,,,6.114296
971,,,,,,6.125832
972,,,,,,6.13021
973,,,,,,6.129095
974,,,,,,6.124383
975,,,,,,6.118189
976,,,,,,6.1109257
977,,,,,,6.103133
978,,,,,,6.095801
979,,,,,,6.089583
980,,,,,,6.084109
981,,,,,,6.078814
982,,,,,,6.0732956
983,,,,,,6.0653057
984,,,,,,6.055168
985,,,,,,6.044743
986,,,,,,6.0357976
987,,,,,,6.0299273
988,,,,,,6.0267267
989,,,,,,6.0262923
990,,,,,,6.024238
991,,,,,,6.0210066
992,,,,,,6.0188513
993,,,,,,6.0179315
994,,,,,,6.014658
995,,,,,,6.0114055
996,,,,,,6.003852
997,,,,,,5.994845
998,,,,,,5.9901147
999,,,,,,5.9914556
1000,,,,,,6.000582
1001,,,,,,6.016373
1002,,,,,,6.0358477
1003,,,,,,6.056465
1004,,,,,,6.076203
1005,,,,,,6.0930705
1006,,,,,,6.106876
1615,1615.0,2018-04-15,13.0,5.0,3.0,
3689,3689.0,2018-04-26,9.0,5.0,2.0,
16254,16254.0,2018-06-29,23.0,5.0,1.0,
16559,16559.0,2018-07-01,14.0,5.0,1.0,
27156,27156.0,2018-08-23,6.0,5.0,1.0,
27630,27630.0,2018-08-25,13.0,5.0,1.0,
28628,28628.0,2018-08-30,11.0,5.0,2.0,
34401,34401.0,2018-09-26,21.0,5.0,1.0,
39111,39111.0,2018-10-18,12.0,5.0,2.0,
43670,43670.0,2018-11-07,21.0,5.0,1.0,
45404,45404.0,2018-11-15,17.0,5.0,1.0,
45449,45449.0,2018-11-15,21.0,5.0,11.0,
45639,45639.0,2018-11-16,18.0,5.0,2.0,
46037,46037.0,2018-11-18,12.0,5.0,1.0,
46234,46234.0,2018-11-19,9.0,5.0,1.0,
46345,46345.0,2018-11-19,19.0,5.0,2.0,
46472,46472.0,2018-11-20,10.0,5.0,1.0,
46517,46517.0,2018-11-20,14.0,5.0,2.0,
46529,46529.0,2018-11-20,15.0,5.0,3.0,
46794,46794.0,2018-11-21,18.0,5.0,2.0,
47165,47165.0,2018-11-23,11.0,5.0,1.0,
48343,48343.0,2018-11-28,13.0,5.0,4.0,
48410,48410.0,2018-11-28,19.0,5.0,8.0,
48433,48433.0,2018-11-28,21.0,5.0,2.0,
48464,48464.0,2018-11-29,0.0,5.0,2.0,
48813,48813.0,2018-11-30,14.0,5.0,11.0,
48960,48960.0,2018-12-01,6.0,5.0,1.0,
49255,49255.0,2018-12-02,12.0,5.0,1.0,
49837,49837.0,2018-12-05,0.0,5.0,3.0,
50407,50407.0,2018-12-07,13.0,5.0,1.0,
50976,50976.0,2018-12-09,21.0,5.0,1.0,
51814,51814.0,2018-12-13,13.0,5.0,2.0,
53021,53021.0,2018-12-18,15.0,5.0,1.0,
53410,53410.0,2018-12-20,8.0,5.0,5.0,
54441,54441.0,2018-12-24,16.0,5.0,13.0,
54453,54453.0,2018-12-24,17.0,5.0,7.0,
55659,55659.0,2018-12-29,20.0,5.0,1.0,
55910,55910.0,2018-12-30,22.0,5.0,1.0,
57949,57949.0,2019-01-08,16.0,5.0,4.0,
58168,58168.0,2019-01-09,15.0,5.0,1.0,
58923,58923.0,2019-01-12,19.0,5.0,1.0,
59138,59138.0,2019-01-13,17.0,5.0,2.0,
59149,59149.0,2019-01-13,18.0,5.0,4.0,
59795,59795.0,2019-01-16,13.0,5.0,6.0,
59839,59839.0,2019-01-16,17.0,5.0,1.0,
59925,59925.0,2019-01-17,1.0,5.0,1.0,
59992,59992.0,2019-01-17,9.0,5.0,1.0,
60059,60059.0,2019-01-17,15.0,5.0,7.0,
60489,60489.0,2019-01-19,10.0,5.0,4.0,
60567,60567.0,2019-01-19,17.0,5.0,1.0,
61031,61031.0,2019-01-21,15.0,5.0,1.0,
61076,61076.0,2019-01-21,19.0,5.0,1.0,
61233,61233.0,2019-01-22,11.0,5.0,1.0,
61267,61267.0,2019-01-22,14.0,5.0,1.0,
61323,61323.0,2019-01-22,19.0,5.0,1.0,
61346,61346.0,2019-01-22,21.0,5.0,3.0,
61358,61358.0,2019-01-22,22.0,5.0,2.0,
61430,61430.0,2019-01-23,7.0,5.0,1.0,
61464,61464.0,2019-01-23,10.0,5.0,2.0,
61487,61487.0,2019-01-23,12.0,5.0,3.0,
61499,61499.0,2019-01-23,13.0,5.0,3.0,
61522,61522.0,2019-01-23,15.0,5.0,1.0,
61534,61534.0,2019-01-23,16.0,5.0,1.0,
61557,61557.0,2019-01-23,18.0,5.0,1.0,
61569,61569.0,2019-01-23,19.0,5.0,5.0,
61591,61591.0,2019-01-23,21.0,5.0,1.0,
61603,61603.0,2019-01-23,22.0,5.0,1.0,
61709,61709.0,2019-01-24,10.0,5.0,3.0,
61721,61721.0,2019-01-24,11.0,5.0,1.0,
61733,61733.0,2019-01-24,12.0,5.0,1.0,
61756,61756.0,2019-01-24,14.0,5.0,4.0,
61790,61790.0,2019-01-24,17.0,5.0,2.0,
61813,61813.0,2019-01-24,19.0,5.0,1.0,
61825,61825.0,2019-01-24,20.0,5.0,2.0,
61836,61836.0,2019-01-24,21.0,5.0,13.0,
61848,61848.0,2019-01-24,22.0,5.0,1.0,
61912,61912.0,2019-01-25,6.0,5.0,1.0,
61923,61923.0,2019-01-25,7.0,5.0,1.0,
61935,61935.0,2019-01-25,8.0,5.0,2.0,
61958,61958.0,2019-01-25,10.0,5.0,1.0,
61981,61981.0,2019-01-25,12.0,5.0,1.0,
61993,61993.0,2019-01-25,13.0,5.0,1.0,
62005,62005.0,2019-01-25,14.0,5.0,1.0,
62017,62017.0,2019-01-25,15.0,5.0,1.0,
62029,62029.0,2019-01-25,16.0,5.0,4.0,
62041,62041.0,2019-01-25,17.0,5.0,1.0,
62064,62064.0,2019-01-25,19.0,5.0,2.0,
62076,62076.0,2019-01-25,20.0,5.0,2.0,
62088,62088.0,2019-01-25,21.0,5.0,7.0,
62194,62194.0,2019-01-26,8.0,5.0,3.0,
62206,62206.0,2019-01-26,9.0,5.0,1.0,
62228,62228.0,2019-01-26,11.0,5.0,3.0,
62240,62240.0,2019-01-26,12.0,5.0,1.0,
62252,62252.0,2019-01-26,13.0,5.0,1.0,
62286,62286.0,2019-01-26,16.0,5.0,1.0,
62298,62298.0,2019-01-26,17.0,5.0,1.0,
62310,62310.0,2019-01-26,18.0,5.0,5.0,
62322,62322.0,2019-01-26,19.0,5.0,2.0,
62428,62428.0,2019-01-27,7.0,5.0,2.0,
62473,62473.0,2019-01-27,11.0,5.0,4.0,
62485,62485.0,2019-01-27,12.0,5.0,1.0,
62497,62497.0,2019-01-27,13.0,5.0,1.0,
62520,62520.0,2019-01-27,15.0,5.0,1.0,
62543,62543.0,2019-01-27,17.0,5.0,1.0,
62577,62577.0,2019-01-27,20.0,5.0,1.0,
62588,62588.0,2019-01-27,21.0,5.0,1.0,
62610,62610.0,2019-01-27,23.0,5.0,1.0,
62721,62721.0,2019-01-28,11.0,5.0,1.0,
62744,62744.0,2019-01-28,13.0,5.0,1.0,
62767,62767.0,2019-01-28,15.0,5.0,1.0,
62812,62812.0,2019-01-28,19.0,5.0,1.0,
62824,62824.0,2019-01-28,20.0,5.0,1.0,
62847,62847.0,2019-01-28,22.0,5.0,3.0,
62929,62929.0,2019-01-29,8.0,5.0,1.0,
62985,62985.0,2019-01-29,13.0,5.0,2.0,
63030,63030.0,2019-01-29,17.0,5.0,1.0,
63181,63181.0,2019-01-30,9.0,5.0,1.0,
63237,63237.0,2019-01-30,14.0,5.0,1.0,
63249,63249.0,2019-01-30,15.0,5.0,1.0,
63261,63261.0,2019-01-30,16.0,5.0,1.0,
63284,63284.0,2019-01-30,18.0,5.0,6.0,
63296,63296.0,2019-01-30,19.0,5.0,2.0,
63308,63308.0,2019-01-30,20.0,5.0,6.0,
63320,63320.0,2019-01-30,21.0,5.0,2.0,
63415,63415.0,2019-01-31,8.0,5.0,1.0,
63427,63427.0,2019-01-31,9.0,5.0,2.0,
63439,63439.0,2019-01-31,10.0,5.0,1.0,
63451,63451.0,2019-01-31,11.0,5.0,1.0,
63463,63463.0,2019-01-31,12.0,5.0,2.0,
63475,63475.0,2019-01-31,13.0,5.0,2.0,
63498,63498.0,2019-01-31,15.0,5.0,1.0,
63521,63521.0,2019-01-31,17.0,5.0,2.0,
63533,63533.0,2019-01-31,18.0,5.0,7.0,
63545,63545.0,2019-01-31,19.0,5.0,2.0,
63557,63557.0,2019-01-31,20.0,5.0,7.0,
63569,63569.0,2019-01-31,21.0,5.0,9.0,
63581,63581.0,2019-01-31,22.0,5.0,1.0,
63628,63628.0,2019-02-01,4.0,5.0,1.0,
63674,63674.0,2019-02-01,9.0,5.0,8.0,
63686,63686.0,2019-02-01,10.0,5.0,10.0,
63698,63698.0,2019-02-01,11.0,5.0,3.0,
63721,63721.0,2019-02-01,13.0,5.0,4.0,
63766,63766.0,2019-02-01,17.0,5.0,1.0,
63778,63778.0,2019-02-01,18.0,5.0,1.0,
63790,63790.0,2019-02-01,19.0,5.0,2.0,
63802,63802.0,2019-02-01,20.0,5.0,3.0,
63814,63814.0,2019-02-01,21.0,5.0,10.0,
63826,63826.0,2019-02-01,22.0,5.0,1.0,
63838,63838.0,2019-02-01,23.0,5.0,1.0,
63857,63857.0,2019-02-02,1.0,5.0,1.0,
63911,63911.0,2019-02-02,7.0,5.0,1.0,
63923,63923.0,2019-02-02,8.0,5.0,3.0,
63957,63957.0,2019-02-02,11.0,5.0,1.0,
63969,63969.0,2019-02-02,12.0,5.0,3.0,
63981,63981.0,2019-02-02,13.0,5.0,1.0,
63993,63993.0,2019-02-02,14.0,5.0,22.0,
64005,64005.0,2019-02-02,15.0,5.0,4.0,
64017,64017.0,2019-02-02,16.0,5.0,3.0,
64029,64029.0,2019-02-02,17.0,5.0,2.0,
64041,64041.0,2019-02-02,18.0,5.0,1.0,
64053,64053.0,2019-02-02,19.0,5.0,1.0,
64065,64065.0,2019-02-02,20.0,5.0,8.0,
64088,64088.0,2019-02-02,22.0,5.0,4.0,
64188,64188.0,2019-02-03,9.0,5.0,2.0,
64211,64211.0,2019-02-03,11.0,5.0,1.0,
64234,64234.0,2019-02-03,13.0,5.0,1.0,
64246,64246.0,2019-02-03,14.0,5.0,1.0,
64291,64291.0,2019-02-03,18.0,5.0,1.0,
64314,64314.0,2019-02-03,20.0,5.0,2.0,
64392,64392.0,2019-02-04,5.0,5.0,1.0,
64414,64414.0,2019-02-04,7.0,5.0,1.0,
64426,64426.0,2019-02-04,8.0,5.0,1.0,
64449,64449.0,2019-02-04,10.0,5.0,1.0,
64461,64461.0,2019-02-04,11.0,5.0,5.0,
64473,64473.0,2019-02-04,12.0,5.0,4.0,
64496,64496.0,2019-02-04,14.0,5.0,3.0,
64508,64508.0,2019-02-04,15.0,5.0,1.0,
64520,64520.0,2019-02-04,16.0,5.0,5.0,
64532,64532.0,2019-02-04,17.0,5.0,2.0,
64544,64544.0,2019-02-04,18.0,5.0,7.0,
64556,64556.0,2019-02-04,19.0,5.0,1.0,
64568,64568.0,2019-02-04,20.0,5.0,1.0,
64580,64580.0,2019-02-04,21.0,5.0,1.0,
64676,64676.0,2019-02-05,8.0,5.0,2.0,
64688,64688.0,2019-02-05,9.0,5.0,3.0,
64700,64700.0,2019-02-05,10.0,5.0,3.0,
64712,64712.0,2019-02-05,11.0,5.0,3.0,
64724,64724.0,2019-02-05,12.0,5.0,2.0,
64747,64747.0,2019-02-05,14.0,5.0,6.0,
64770,64770.0,2019-02-05,16.0,5.0,11.0,
64793,64793.0,2019-02-05,18.0,5.0,3.0,
64805,64805.0,2019-02-05,19.0,5.0,5.0,
64817,64817.0,2019-02-05,20.0,5.0,6.0,
64840,64840.0,2019-02-05,22.0,5.0,13.0,
64929,64929.0,2019-02-06,8.0,5.0,2.0,
64963,64963.0,2019-02-06,11.0,5.0,1.0,
64985,64985.0,2019-02-06,13.0,5.0,2.0,
65008,65008.0,2019-02-06,15.0,5.0,2.0,
65020,65020.0,2019-02-06,16.0,5.0,2.0,
65032,65032.0,2019-02-06,17.0,5.0,3.0,
65044,65044.0,2019-02-06,18.0,5.0,4.0,
65056,65056.0,2019-02-06,19.0,5.0,2.0,
65068,65068.0,2019-02-06,20.0,5.0,6.0,
65080,65080.0,2019-02-06,21.0,5.0,2.0,
65167,65167.0,2019-02-07,7.0,5.0,7.0,
65179,65179.0,2019-02-07,8.0,5.0,1.0,
65202,65202.0,2019-02-07,10.0,5.0,1.0,
65225,65225.0,2019-02-07,12.0,5.0,3.0,
65237,65237.0,2019-02-07,13.0,5.0,2.0,
65260,65260.0,2019-02-07,15.0,5.0,3.0,
65272,65272.0,2019-02-07,16.0,5.0,3.0,
65284,65284.0,2019-02-07,17.0,5.0,2.0,
65307,65307.0,2019-02-07,19.0,5.0,4.0,
65319,65319.0,2019-02-07,20.0,5.0,1.0,
65342,65342.0,2019-02-07,22.0,5.0,1.0,
65435,65435.0,2019-02-08,8.0,5.0,1.0,
65447,65447.0,2019-02-08,9.0,5.0,1.0,
65459,65459.0,2019-02-08,10.0,5.0,1.0,
65471,65471.0,2019-02-08,11.0,5.0,1.0,
65483,65483.0,2019-02-08,12.0,5.0,7.0,
65495,65495.0,2019-02-08,13.0,5.0,2.0,
65507,65507.0,2019-02-08,14.0,5.0,2.0,
65519,65519.0,2019-02-08,15.0,5.0,5.0,
65542,65542.0,2019-02-08,17.0,5.0,4.0,
65554,65554.0,2019-02-08,18.0,5.0,7.0,
65566,65566.0,2019-02-08,19.0,5.0,2.0,
65578,65578.0,2019-02-08,20.0,5.0,5.0,
65590,65590.0,2019-02-08,21.0,5.0,7.0,
65602,65602.0,2019-02-08,22.0,5.0,5.0,
65699,65699.0,2019-02-09,8.0,5.0,1.0,
65711,65711.0,2019-02-09,9.0,5.0,1.0,
65723,65723.0,2019-02-09,10.0,5.0,3.0,
65735,65735.0,2019-02-09,11.0,5.0,4.0,
65747,65747.0,2019-02-09,12.0,5.0,1.0,
65770,65770.0,2019-02-09,14.0,5.0,1.0,
65782,65782.0,2019-02-09,15.0,5.0,8.0,
65794,65794.0,2019-02-09,16.0,5.0,1.0,
65806,65806.0,2019-02-09,17.0,5.0,2.0,
65818,65818.0,2019-02-09,18.0,5.0,3.0,
65830,65830.0,2019-02-09,19.0,5.0,1.0,
65842,65842.0,2019-02-09,20.0,5.0,4.0,
65854,65854.0,2019-02-09,21.0,5.0,4.0,
65866,65866.0,2019-02-09,22.0,5.0,10.0,
65940,65940.0,2019-02-10,7.0,5.0,2.0,
65952,65952.0,2019-02-10,8.0,5.0,3.0,
65964,65964.0,2019-02-10,9.0,5.0,2.0,
65987,65987.0,2019-02-10,11.0,5.0,3.0,
65999,65999.0,2019-02-10,12.0,5.0,3.0,
66011,66011.0,2019-02-10,13.0,5.0,1.0,
66034,66034.0,2019-02-10,15.0,5.0,7.0,
66046,66046.0,2019-02-10,16.0,5.0,2.0,
66058,66058.0,2019-02-10,17.0,5.0,6.0,
66070,66070.0,2019-02-10,18.0,5.0,10.0,
66082,66082.0,2019-02-10,19.0,5.0,8.0,
66093,66093.0,2019-02-10,20.0,5.0,2.0,
66104,66104.0,2019-02-10,21.0,5.0,22.0,
66116,66116.0,2019-02-10,22.0,5.0,1.0,
66203,66203.0,2019-02-11,8.0,5.0,1.0,
66215,66215.0,2019-02-11,9.0,5.0,2.0,
66227,66227.0,2019-02-11,10.0,5.0,5.0,
66239,66239.0,2019-02-11,11.0,5.0,3.0,
66284,66284.0,2019-02-11,15.0,5.0,2.0,
66296,66296.0,2019-02-11,16.0,5.0,6.0,
66308,66308.0,2019-02-11,17.0,5.0,20.0,
66320,66320.0,2019-02-11,18.0,5.0,5.0,
66332,66332.0,2019-02-11,19.0,5.0,4.0,
66344,66344.0,2019-02-11,20.0,5.0,9.0,
66367,66367.0,2019-02-11,22.0,5.0,6.0,
66379,66379.0,2019-02-11,23.0,5.0,1.0,
66390,66390.0,2019-02-12,0.0,5.0,1.0,
66399,66399.0,2019-02-12,1.0,5.0,3.0,
66462,66462.0,2019-02-12,8.0,5.0,5.0,
66474,66474.0,2019-02-12,9.0,5.0,7.0,
66486,66486.0,2019-02-12,10.0,5.0,1.0,
66498,66498.0,2019-02-12,11.0,5.0,4.0,
66510,66510.0,2019-02-12,12.0,5.0,4.0,
66522,66522.0,2019-02-12,13.0,5.0,3.0,
66534,66534.0,2019-02-12,14.0,5.0,1.0,
66557,66557.0,2019-02-12,16.0,5.0,4.0,
66569,66569.0,2019-02-12,17.0,5.0,3.0,
66581,66581.0,2019-02-12,18.0,5.0,4.0,
66593,66593.0,2019-02-12,19.0,5.0,4.0,
66605,66605.0,2019-02-12,20.0,5.0,8.0,
66617,66617.0,2019-02-12,21.0,5.0,1.0,
66629,66629.0,2019-02-12,22.0,5.0,10.0,
66722,66722.0,2019-02-13,8.0,5.0,3.0,
66745,66745.0,2019-02-13,10.0,5.0,3.0,
66757,66757.0,2019-02-13,11.0,5.0,4.0,
66769,66769.0,2019-02-13,12.0,5.0,3.0,
66792,66792.0,2019-02-13,14.0,5.0,1.0,
66815,66815.0,2019-02-13,16.0,5.0,2.0,
66827,66827.0,2019-02-13,17.0,5.0,1.0,
66839,66839.0,2019-02-13,18.0,5.0,2.0,
66851,66851.0,2019-02-13,19.0,5.0,2.0,
66863,66863.0,2019-02-13,20.0,5.0,15.0,
66874,66874.0,2019-02-13,21.0,5.0,14.0,
66886,66886.0,2019-02-13,22.0,5.0,4.0,
66897,66897.0,2019-02-13,23.0,5.0,4.0,
66908,66908.0,2019-02-14,0.0,5.0,1.0,
66978,66978.0,2019-02-14,8.0,5.0,3.0,
67012,67012.0,2019-02-14,11.0,5.0,1.0,
67024,67024.0,2019-02-14,12.0,5.0,3.0,
67036,67036.0,2019-02-14,13.0,5.0,3.0,
67048,67048.0,2019-02-14,14.0,5.0,13.0,
67060,67060.0,2019-02-14,15.0,5.0,1.0,
67072,67072.0,2019-02-14,16.0,5.0,3.0,
67084,67084.0,2019-02-14,17.0,5.0,2.0,
67096,67096.0,2019-02-14,18.0,5.0,1.0,
67108,67108.0,2019-02-14,19.0,5.0,15.0,
67120,67120.0,2019-02-14,20.0,5.0,3.0,
67132,67132.0,2019-02-14,21.0,5.0,6.0,
67231,67231.0,2019-02-15,8.0,5.0,4.0,
67265,67265.0,2019-02-15,11.0,5.0,1.0,
67277,67277.0,2019-02-15,12.0,5.0,3.0,
67289,67289.0,2019-02-15,13.0,5.0,1.0,
67301,67301.0,2019-02-15,14.0,5.0,1.0,
67335,67335.0,2019-02-15,17.0,5.0,5.0,
67347,67347.0,2019-02-15,18.0,5.0,5.0,
67359,67359.0,2019-02-15,19.0,5.0,7.0,
67371,67371.0,2019-02-15,20.0,5.0,42.0,
67383,67383.0,2019-02-15,21.0,5.0,6.0,
67395,67395.0,2019-02-15,22.0,5.0,19.0,
67460,67460.0,2019-02-16,5.0,5.0,2.0,
67493,67493.0,2019-02-16,8.0,5.0,3.0,
67505,67505.0,2019-02-16,9.0,5.0,3.0,
67517,67517.0,2019-02-16,10.0,5.0,1.0,
67529,67529.0,2019-02-16,11.0,5.0,14.0,
67541,67541.0,2019-02-16,12.0,5.0,4.0,
67553,67553.0,2019-02-16,13.0,5.0,4.0,
67565,67565.0,2019-02-16,14.0,5.0,4.0,
67577,67577.0,2019-02-16,15.0,5.0,3.0,
67600,67600.0,2019-02-16,17.0,5.0,8.0,
67612,67612.0,2019-02-16,18.0,5.0,4.0,
67624,67624.0,2019-02-16,19.0,5.0,5.0,
67636,67636.0,2019-02-16,20.0,5.0,5.0,
67648,67648.0,2019-02-16,21.0,5.0,3.0,
67670,67670.0,2019-02-16,23.0,5.0,1.0,
67754,67754.0,2019-02-17,8.0,5.0,2.0,
67766,67766.0,2019-02-17,9.0,5.0,3.0,
67777,67777.0,2019-02-17,10.0,5.0,2.0,
67800,67800.0,2019-02-17,12.0,5.0,3.0,
67812,67812.0,2019-02-17,13.0,5.0,4.0,
67824,67824.0,2019-02-17,14.0,5.0,3.0,
67836,67836.0,2019-02-17,15.0,5.0,3.0,
67848,67848.0,2019-02-17,16.0,5.0,1.0,
67860,67860.0,2019-02-17,17.0,5.0,6.0,
67872,67872.0,2019-02-17,18.0,5.0,9.0,
67895,67895.0,2019-02-17,20.0,5.0,7.0,
67907,67907.0,2019-02-17,21.0,5.0,1.0,
67919,67919.0,2019-02-17,22.0,5.0,1.0,
68010,68010.0,2019-02-18,8.0,5.0,1.0,
68022,68022.0,2019-02-18,9.0,5.0,17.0,
68034,68034.0,2019-02-18,10.0,5.0,2.0,
68046,68046.0,2019-02-18,11.0,5.0,2.0,
68058,68058.0,2019-02-18,12.0,5.0,1.0,
68070,68070.0,2019-02-18,13.0,5.0,1.0,
68082,68082.0,2019-02-18,14.0,5.0,2.0,
68094,68094.0,2019-02-18,15.0,5.0,6.0,
68105,68105.0,2019-02-18,16.0,5.0,4.0,
68117,68117.0,2019-02-18,17.0,5.0,3.0,
68129,68129.0,2019-02-18,18.0,5.0,6.0,
68141,68141.0,2019-02-18,19.0,5.0,21.0,
68153,68153.0,2019-02-18,20.0,5.0,16.0,
68165,68165.0,2019-02-18,21.0,5.0,4.0,
68188,68188.0,2019-02-18,23.0,5.0,4.0,
68242,68242.0,2019-02-19,6.0,5.0,1.0,
68264,68264.0,2019-02-19,8.0,5.0,2.0,
68276,68276.0,2019-02-19,9.0,5.0,1.0,
68299,68299.0,2019-02-19,11.0,5.0,3.0,
68311,68311.0,2019-02-19,12.0,5.0,2.0,
68334,68334.0,2019-02-19,14.0,5.0,3.0,
68346,68346.0,2019-02-19,15.0,5.0,7.0,
68358,68358.0,2019-02-19,16.0,5.0,1.0,
68370,68370.0,2019-02-19,17.0,5.0,4.0,
68382,68382.0,2019-02-19,18.0,5.0,3.0,
68394,68394.0,2019-02-19,19.0,5.0,3.0,
68406,68406.0,2019-02-19,20.0,5.0,4.0,
68418,68418.0,2019-02-19,21.0,5.0,1.0,
68490,68490.0,2019-02-20,5.0,5.0,2.0,
68513,68513.0,2019-02-20,7.0,5.0,1.0,
68525,68525.0,2019-02-20,8.0,5.0,4.0,
68537,68537.0,2019-02-20,9.0,5.0,21.0,
68549,68549.0,2019-02-20,10.0,5.0,15.0,
68561,68561.0,2019-02-20,11.0,5.0,1.0,
68584,68584.0,2019-02-20,13.0,5.0,1.0,
68596,68596.0,2019-02-20,14.0,5.0,2.0,
68608,68608.0,2019-02-20,15.0,5.0,2.0,
68620,68620.0,2019-02-20,16.0,5.0,5.0,
68632,68632.0,2019-02-20,17.0,5.0,4.0,
68644,68644.0,2019-02-20,18.0,5.0,4.0,
68656,68656.0,2019-02-20,19.0,5.0,11.0,
68668,68668.0,2019-02-20,20.0,5.0,7.0,
68679,68679.0,2019-02-20,21.0,5.0,1.0,
68776,68776.0,2019-02-21,8.0,5.0,12.0,
68788,68788.0,2019-02-21,9.0,5.0,1.0,
68800,68800.0,2019-02-21,10.0,5.0,3.0,
68812,68812.0,2019-02-21,11.0,5.0,4.0,
68824,68824.0,2019-02-21,12.0,5.0,3.0,
68836,68836.0,2019-02-21,13.0,5.0,2.0,
68848,68848.0,2019-02-21,14.0,5.0,3.0,
68860,68860.0,2019-02-21,15.0,5.0,4.0,
68872,68872.0,2019-02-21,16.0,5.0,5.0,
68884,68884.0,2019-02-21,17.0,5.0,6.0,
68896,68896.0,2019-02-21,18.0,5.0,5.0,
68908,68908.0,2019-02-21,19.0,5.0,51.0,
68920,68920.0,2019-02-21,20.0,5.0,4.0,
68932,68932.0,2019-02-21,21.0,5.0,7.0,
68965,68965.0,2019-02-22,0.0,5.0,1.0,
69007,69007.0,2019-02-22,5.0,5.0,1.0,
69017,69017.0,2019-02-22,6.0,5.0,2.0,
69029,69029.0,2019-02-22,7.0,5.0,2.0,
69041,69041.0,2019-02-22,8.0,5.0,6.0,
69053,69053.0,2019-02-22,9.0,5.0,2.0,
69065,69065.0,2019-02-22,10.0,5.0,4.0,
69077,69077.0,2019-02-22,11.0,5.0,7.0,
69089,69089.0,2019-02-22,12.0,5.0,4.0,
69101,69101.0,2019-02-22,13.0,5.0,3.0,
69113,69113.0,2019-02-22,14.0,5.0,4.0,
69125,69125.0,2019-02-22,15.0,5.0,1.0,
69137,69137.0,2019-02-22,16.0,5.0,2.0,
69149,69149.0,2019-02-22,17.0,5.0,20.0,
69161,69161.0,2019-02-22,18.0,5.0,14.0,
69173,69173.0,2019-02-22,19.0,5.0,1.0,
69185,69185.0,2019-02-22,20.0,5.0,3.0,
69196,69196.0,2019-02-22,21.0,5.0,18.0,
69208,69208.0,2019-02-22,22.0,5.0,5.0,
69219,69219.0,2019-02-22,23.0,5.0,1.0,
69230,69230.0,2019-02-23,0.0,5.0,4.0,
69282,69282.0,2019-02-23,6.0,5.0,1.0,
69294,69294.0,2019-02-23,7.0,5.0,2.0,
69306,69306.0,2019-02-23,8.0,5.0,2.0,
69318,69318.0,2019-02-23,9.0,5.0,2.0,
69330,69330.0,2019-02-23,10.0,5.0,5.0,
69342,69342.0,2019-02-23,11.0,5.0,2.0,
69354,69354.0,2019-02-23,12.0,5.0,3.0,
69366,69366.0,2019-02-23,13.0,5.0,5.0,
69378,69378.0,2019-02-23,14.0,5.0,3.0,
69390,69390.0,2019-02-23,15.0,5.0,5.0,
69401,69401.0,2019-02-23,16.0,5.0,3.0,
69424,69424.0,2019-02-23,18.0,5.0,5.0,
69436,69436.0,2019-02-23,19.0,5.0,2.0,
69448,69448.0,2019-02-23,20.0,5.0,3.0,
69460,69460.0,2019-02-23,21.0,5.0,11.0,
69492,69492.0,2019-02-24,0.0,5.0,1.0,
69588,69588.0,2019-02-24,10.0,5.0,2.0,
69600,69600.0,2019-02-24,11.0,5.0,2.0,
69612,69612.0,2019-02-24,12.0,5.0,2.0,
69624,69624.0,2019-02-24,13.0,5.0,11.0,
69635,69635.0,2019-02-24,14.0,5.0,4.0,
69647,69647.0,2019-02-24,15.0,5.0,1.0,
69670,69670.0,2019-02-24,17.0,5.0,1.0,
69682,69682.0,2019-02-24,18.0,5.0,2.0,
69705,69705.0,2019-02-24,20.0,5.0,1.0,
69717,69717.0,2019-02-24,21.0,5.0,6.0,
69728,69728.0,2019-02-24,22.0,5.0,19.0,
69782,69782.0,2019-02-25,4.0,5.0,1.0,
69810,69810.0,2019-02-25,7.0,5.0,3.0,
69822,69822.0,2019-02-25,8.0,5.0,7.0,
69834,69834.0,2019-02-25,9.0,5.0,5.0,
69846,69846.0,2019-02-25,10.0,5.0,3.0,
69857,69857.0,2019-02-25,11.0,5.0,1.0,
69869,69869.0,2019-02-25,12.0,5.0,6.0,
69881,69881.0,2019-02-25,13.0,5.0,1.0,
69893,69893.0,2019-02-25,14.0,5.0,3.0,
69905,69905.0,2019-02-25,15.0,5.0,1.0,
69917,69917.0,2019-02-25,16.0,5.0,3.0,
69929,69929.0,2019-02-25,17.0,5.0,3.0,
69941,69941.0,2019-02-25,18.0,5.0,11.0,
69953,69953.0,2019-02-25,19.0,5.0,1.0,
69965,69965.0,2019-02-25,20.0,5.0,24.0,
69977,69977.0,2019-02-25,21.0,5.0,1.0,
69989,69989.0,2019-02-25,22.0,5.0,1.0,
70082,70082.0,2019-02-26,8.0,5.0,2.0,
70094,70094.0,2019-02-26,9.0,5.0,3.0,
70106,70106.0,2019-02-26,10.0,5.0,4.0,
70118,70118.0,2019-02-26,11.0,5.0,1.0,
70130,70130.0,2019-02-26,12.0,5.0,9.0,
70142,70142.0,2019-02-26,13.0,5.0,2.0,
70154,70154.0,2019-02-26,14.0,5.0,28.0,
70177,70177.0,2019-02-26,16.0,5.0,2.0,
70189,70189.0,2019-02-26,17.0,5.0,9.0,
70201,70201.0,2019-02-26,18.0,5.0,6.0,
70213,70213.0,2019-02-26,19.0,5.0,2.0,
70225,70225.0,2019-02-26,20.0,5.0,42.0,
70237,70237.0,2019-02-26,21.0,5.0,6.0,
70328,70328.0,2019-02-27,7.0,5.0,4.0,
70340,70340.0,2019-02-27,8.0,5.0,3.0,
70352,70352.0,2019-02-27,9.0,5.0,1.0,
70364,70364.0,2019-02-27,10.0,5.0,2.0,
70376,70376.0,2019-02-27,11.0,5.0,2.0,
70387,70387.0,2019-02-27,12.0,5.0,7.0,
70399,70399.0,2019-02-27,13.0,5.0,3.0,
70411,70411.0,2019-02-27,14.0,5.0,2.0,
70423,70423.0,2019-02-27,15.0,5.0,3.0,
70435,70435.0,2019-02-27,16.0,5.0,1.0,
70447,70447.0,2019-02-27,17.0,5.0,1.0,
70459,70459.0,2019-02-27,18.0,5.0,7.0,
70471,70471.0,2019-02-27,19.0,5.0,104.0,
70483,70483.0,2019-02-27,20.0,5.0,3.0,
70495,70495.0,2019-02-27,21.0,5.0,3.0,
70588,70588.0,2019-02-28,7.0,5.0,1.0,
70600,70600.0,2019-02-28,8.0,5.0,3.0,
70612,70612.0,2019-02-28,9.0,5.0,3.0,
70624,70624.0,2019-02-28,10.0,5.0,8.0,
70636,70636.0,2019-02-28,11.0,5.0,4.0,
70648,70648.0,2019-02-28,12.0,5.0,2.0,
70671,70671.0,2019-02-28,14.0,5.0,2.0,
70683,70683.0,2019-02-28,15.0,5.0,5.0,
70717,70717.0,2019-02-28,18.0,5.0,71.0,
70729,70729.0,2019-02-28,19.0,5.0,11.0,
70741,70741.0,2019-02-28,20.0,5.0,26.0,
70753,70753.0,2019-02-28,21.0,5.0,22.0,
70774,70774.0,2019-02-28,23.0,5.0,3.0,
70819,70819.0,2019-03-01,4.0,5.0,1.0,
70858,70858.0,2019-03-01,8.0,5.0,3.0,
70881,70881.0,2019-03-01,10.0,5.0,2.0,
70893,70893.0,2019-03-01,11.0,5.0,2.0,
70905,70905.0,2019-03-01,12.0,5.0,1.0,
70917,70917.0,2019-03-01,13.0,5.0,8.0,
70929,70929.0,2019-03-01,14.0,5.0,1.0,
70941,70941.0,2019-03-01,15.0,5.0,20.0,
70964,70964.0,2019-03-01,17.0,5.0,2.0,
70976,70976.0,2019-03-01,18.0,5.0,2.0,
70988,70988.0,2019-03-01,19.0,5.0,2.0,
71000,71000.0,2019-03-01,20.0,5.0,2.0,
71012,71012.0,2019-03-01,21.0,5.0,2.0,
71024,71024.0,2019-03-01,22.0,5.0,5.0,
71036,71036.0,2019-03-01,23.0,5.0,1.0,
71047,71047.0,2019-03-02,0.0,5.0,1.0,
71111,71111.0,2019-03-02,7.0,5.0,4.0,
71134,71134.0,2019-03-02,9.0,5.0,1.0,
71146,71146.0,2019-03-02,10.0,5.0,2.0,
71158,71158.0,2019-03-02,11.0,5.0,2.0,
71192,71192.0,2019-03-02,14.0,5.0,3.0,
71215,71215.0,2019-03-02,16.0,5.0,2.0,
71227,71227.0,2019-03-02,17.0,5.0,4.0,
71239,71239.0,2019-03-02,18.0,5.0,4.0,
71251,71251.0,2019-03-02,19.0,5.0,4.0,
71263,71263.0,2019-03-02,20.0,5.0,4.0,
71275,71275.0,2019-03-02,21.0,5.0,5.0,
71287,71287.0,2019-03-02,22.0,5.0,2.0,
71320,71320.0,2019-03-03,1.0,5.0,1.0,
71377,71377.0,2019-03-03,7.0,5.0,1.0,
71389,71389.0,2019-03-03,8.0,5.0,3.0,
71401,71401.0,2019-03-03,9.0,5.0,3.0,
71424,71424.0,2019-03-03,11.0,5.0,1.0,
71436,71436.0,2019-03-03,12.0,5.0,3.0,
71448,71448.0,2019-03-03,13.0,5.0,1.0,
71471,71471.0,2019-03-03,15.0,5.0,1.0,
71494,71494.0,2019-03-03,17.0,5.0,1.0,
71506,71506.0,2019-03-03,18.0,5.0,3.0,
71518,71518.0,2019-03-03,19.0,5.0,21.0,
71530,71530.0,2019-03-03,20.0,5.0,6.0,
71542,71542.0,2019-03-03,21.0,5.0,16.0,
71581,71581.0,2019-03-04,1.0,5.0,1.0,
71643,71643.0,2019-03-04,8.0,5.0,2.0,
71655,71655.0,2019-03-04,9.0,5.0,1.0,
71667,71667.0,2019-03-04,10.0,5.0,2.0,
71679,71679.0,2019-03-04,11.0,5.0,2.0,
71691,71691.0,2019-03-04,12.0,5.0,1.0,
71703,71703.0,2019-03-04,13.0,5.0,5.0,
71726,71726.0,2019-03-04,15.0,5.0,1.0,
71749,71749.0,2019-03-04,17.0,5.0,1.0,
71761,71761.0,2019-03-04,18.0,5.0,11.0,
71773,71773.0,2019-03-04,19.0,5.0,4.0,
71785,71785.0,2019-03-04,20.0,5.0,10.0,
71797,71797.0,2019-03-04,21.0,5.0,2.0,
71809,71809.0,2019-03-04,22.0,5.0,7.0,
71894,71894.0,2019-03-05,7.0,5.0,1.0,
71906,71906.0,2019-03-05,8.0,5.0,1.0,
71929,71929.0,2019-03-05,10.0,5.0,1.0,
71941,71941.0,2019-03-05,11.0,5.0,1.0,
71953,71953.0,2019-03-05,12.0,5.0,1.0,
71965,71965.0,2019-03-05,13.0,5.0,2.0,
71988,71988.0,2019-03-05,15.0,5.0,1.0,
72022,72022.0,2019-03-05,18.0,5.0,2.0,
72034,72034.0,2019-03-05,19.0,5.0,1.0,
72046,72046.0,2019-03-05,20.0,5.0,2.0,
72058,72058.0,2019-03-05,21.0,5.0,2.0,
72070,72070.0,2019-03-05,22.0,5.0,1.0,
72139,72139.0,2019-03-06,6.0,5.0,1.0,
72162,72162.0,2019-03-06,8.0,5.0,29.0,
72184,72184.0,2019-03-06,10.0,5.0,1.0,
72196,72196.0,2019-03-06,11.0,5.0,2.0,
72208,72208.0,2019-03-06,12.0,5.0,2.0,
72220,72220.0,2019-03-06,13.0,5.0,3.0,
72242,72242.0,2019-03-06,15.0,5.0,1.0,
72276,72276.0,2019-03-06,18.0,5.0,4.0,
72288,72288.0,2019-03-06,19.0,5.0,103.0,
72300,72300.0,2019-03-06,20.0,5.0,5.0,
72312,72312.0,2019-03-06,21.0,5.0,36.0,
72324,72324.0,2019-03-06,22.0,5.0,19.0,
72421,72421.0,2019-03-07,8.0,5.0,2.0,
72433,72433.0,2019-03-07,9.0,5.0,6.0,
72445,72445.0,2019-03-07,10.0,5.0,3.0,
72457,72457.0,2019-03-07,11.0,5.0,2.0,
72469,72469.0,2019-03-07,12.0,5.0,3.0,
72492,72492.0,2019-03-07,14.0,5.0,2.0,
72504,72504.0,2019-03-07,15.0,5.0,2.0,
72516,72516.0,2019-03-07,16.0,5.0,1.0,
72528,72528.0,2019-03-07,17.0,5.0,1.0,
72540,72540.0,2019-03-07,18.0,5.0,6.0,
72552,72552.0,2019-03-07,19.0,5.0,13.0,
72564,72564.0,2019-03-07,20.0,5.0,37.0,
72576,72576.0,2019-03-07,21.0,5.0,1.0,
72588,72588.0,2019-03-07,22.0,5.0,1.0,
72643,72643.0,2019-03-08,4.0,5.0,2.0,
72673,72673.0,2019-03-08,7.0,5.0,1.0,
72696,72696.0,2019-03-08,9.0,5.0,2.0,
72708,72708.0,2019-03-08,10.0,5.0,1.0,
72720,72720.0,2019-03-08,11.0,5.0,1.0,
72732,72732.0,2019-03-08,12.0,5.0,7.0,
72744,72744.0,2019-03-08,13.0,5.0,4.0,
72756,72756.0,2019-03-08,14.0,5.0,3.0,
72768,72768.0,2019-03-08,15.0,5.0,3.0,
72780,72780.0,2019-03-08,16.0,5.0,3.0,
72792,72792.0,2019-03-08,17.0,5.0,2.0,
72804,72804.0,2019-03-08,18.0,5.0,5.0,
72816,72816.0,2019-03-08,19.0,5.0,42.0,
72828,72828.0,2019-03-08,20.0,5.0,24.0,
72840,72840.0,2019-03-08,21.0,5.0,2.0,
72852,72852.0,2019-03-08,22.0,5.0,2.0,
72924,72924.0,2019-03-09,5.0,5.0,2.0,
72935,72935.0,2019-03-09,6.0,5.0,1.0,
72946,72946.0,2019-03-09,7.0,5.0,1.0,
72958,72958.0,2019-03-09,8.0,5.0,3.0,
72970,72970.0,2019-03-09,9.0,5.0,3.0,
72992,72992.0,2019-03-09,11.0,5.0,10.0,
73004,73004.0,2019-03-09,12.0,5.0,4.0,
73016,73016.0,2019-03-09,13.0,5.0,10.0,
73028,73028.0,2019-03-09,14.0,5.0,1.0,
73040,73040.0,2019-03-09,15.0,5.0,4.0,
73052,73052.0,2019-03-09,16.0,5.0,40.0,
73064,73064.0,2019-03-09,17.0,5.0,5.0,
73076,73076.0,2019-03-09,18.0,5.0,4.0,
73088,73088.0,2019-03-09,19.0,5.0,14.0,
73100,73100.0,2019-03-09,20.0,5.0,4.0,
73112,73112.0,2019-03-09,21.0,5.0,2.0,
73124,73124.0,2019-03-09,22.0,5.0,2.0,
73212,73212.0,2019-03-10,7.0,5.0,1.0,
73235,73235.0,2019-03-10,9.0,5.0,1.0,
73247,73247.0,2019-03-10,10.0,5.0,2.0,
73259,73259.0,2019-03-10,11.0,5.0,7.0,
73271,73271.0,2019-03-10,12.0,5.0,1.0,
73283,73283.0,2019-03-10,13.0,5.0,3.0,
73295,73295.0,2019-03-10,14.0,5.0,1.0,
73329,73329.0,2019-03-10,17.0,5.0,4.0,
73341,73341.0,2019-03-10,18.0,5.0,13.0,
73353,73353.0,2019-03-10,19.0,5.0,1.0,
73365,73365.0,2019-03-10,20.0,5.0,2.0,
73377,73377.0,2019-03-10,21.0,5.0,14.0,
73388,73388.0,2019-03-10,22.0,5.0,9.0,
73400,73400.0,2019-03-10,23.0,5.0,1.0,
73419,73419.0,2019-03-11,1.0,5.0,1.0,
73467,73467.0,2019-03-11,6.0,5.0,3.0,
73479,73479.0,2019-03-11,7.0,5.0,1.0,
73491,73491.0,2019-03-11,8.0,5.0,2.0,
73503,73503.0,2019-03-11,9.0,5.0,2.0,
73515,73515.0,2019-03-11,10.0,5.0,26.0,
73527,73527.0,2019-03-11,11.0,5.0,3.0,
73539,73539.0,2019-03-11,12.0,5.0,8.0,
73551,73551.0,2019-03-11,13.0,5.0,5.0,
73563,73563.0,2019-03-11,14.0,5.0,1.0,
73575,73575.0,2019-03-11,15.0,5.0,1.0,
73597,73597.0,2019-03-11,17.0,5.0,33.0,
73609,73609.0,2019-03-11,18.0,5.0,4.0,
73621,73621.0,2019-03-11,19.0,5.0,24.0,
73633,73633.0,2019-03-11,20.0,5.0,6.0,
73645,73645.0,2019-03-11,21.0,5.0,15.0,
73657,73657.0,2019-03-11,22.0,5.0,8.0,
73669,73669.0,2019-03-11,23.0,5.0,1.0,
73748,73748.0,2019-03-12,7.0,5.0,3.0,
73760,73760.0,2019-03-12,8.0,5.0,3.0,
73772,73772.0,2019-03-12,9.0,5.0,1.0,
73784,73784.0,2019-03-12,10.0,5.0,1.0,
73796,73796.0,2019-03-12,11.0,5.0,3.0,
73819,73819.0,2019-03-12,13.0,5.0,2.0,
73831,73831.0,2019-03-12,14.0,5.0,1.0,
73854,73854.0,2019-03-12,16.0,5.0,4.0,
73866,73866.0,2019-03-12,17.0,5.0,2.0,
73878,73878.0,2019-03-12,18.0,5.0,1.0,
73901,73901.0,2019-03-12,20.0,5.0,1.0,
73913,73913.0,2019-03-12,21.0,5.0,4.0,
73924,73924.0,2019-03-12,22.0,5.0,1.0,
74019,74019.0,2019-03-13,8.0,5.0,2.0,
74031,74031.0,2019-03-13,9.0,5.0,4.0,
74076,74076.0,2019-03-13,13.0,5.0,2.0,
74088,74088.0,2019-03-13,14.0,5.0,1.0,
74100,74100.0,2019-03-13,15.0,5.0,2.0,
74112,74112.0,2019-03-13,16.0,5.0,2.0,
74135,74135.0,2019-03-13,18.0,5.0,5.0,
74147,74147.0,2019-03-13,19.0,5.0,58.0,
74159,74159.0,2019-03-13,20.0,5.0,45.0,
74171,74171.0,2019-03-13,21.0,5.0,11.0,
74183,74183.0,2019-03-13,22.0,5.0,44.0,
74212,74212.0,2019-03-14,1.0,5.0,1.0,
74269,74269.0,2019-03-14,7.0,5.0,2.0,
74281,74281.0,2019-03-14,8.0,5.0,3.0,
74293,74293.0,2019-03-14,9.0,5.0,2.0,
74305,74305.0,2019-03-14,10.0,5.0,1.0,
74317,74317.0,2019-03-14,11.0,5.0,13.0,
74340,74340.0,2019-03-14,13.0,5.0,2.0,
74352,74352.0,2019-03-14,14.0,5.0,1.0,
74364,74364.0,2019-03-14,15.0,5.0,1.0,
74376,74376.0,2019-03-14,16.0,5.0,3.0,
74388,74388.0,2019-03-14,17.0,5.0,5.0,
74400,74400.0,2019-03-14,18.0,5.0,6.0,
74412,74412.0,2019-03-14,19.0,5.0,3.0,
74424,74424.0,2019-03-14,20.0,5.0,73.0,
74447,74447.0,2019-03-14,22.0,5.0,1.0,
74468,74468.0,2019-03-15,0.0,5.0,1.0,
74541,74541.0,2019-03-15,8.0,5.0,2.0,
74553,74553.0,2019-03-15,9.0,5.0,3.0,
74565,74565.0,2019-03-15,10.0,5.0,5.0,
74577,74577.0,2019-03-15,11.0,5.0,3.0,
74589,74589.0,2019-03-15,12.0,5.0,2.0,
74601,74601.0,2019-03-15,13.0,5.0,3.0,
74613,74613.0,2019-03-15,14.0,5.0,2.0,
74625,74625.0,2019-03-15,15.0,5.0,1.0,
74637,74637.0,2019-03-15,16.0,5.0,1.0,
74660,74660.0,2019-03-15,18.0,5.0,8.0,
74672,74672.0,2019-03-15,19.0,5.0,46.0,
74684,74684.0,2019-03-15,20.0,5.0,2.0,
74696,74696.0,2019-03-15,21.0,5.0,5.0,
74708,74708.0,2019-03-15,22.0,5.0,26.0,
74720,74720.0,2019-03-15,23.0,5.0,1.0,
74795,74795.0,2019-03-16,7.0,5.0,1.0,
74818,74818.0,2019-03-16,9.0,5.0,7.0,
74830,74830.0,2019-03-16,10.0,5.0,1.0,
74842,74842.0,2019-03-16,11.0,5.0,4.0,
74854,74854.0,2019-03-16,12.0,5.0,5.0,
74866,74866.0,2019-03-16,13.0,5.0,2.0,
74878,74878.0,2019-03-16,14.0,5.0,12.0,
74901,74901.0,2019-03-16,16.0,5.0,1.0,
74957,74957.0,2019-03-16,21.0,5.0,2.0,
75077,75077.0,2019-03-17,9.0,5.0,3.0,
75089,75089.0,2019-03-17,10.0,5.0,5.0,
75101,75101.0,2019-03-17,11.0,5.0,4.0,
75113,75113.0,2019-03-17,12.0,5.0,2.0,
75125,75125.0,2019-03-17,13.0,5.0,1.0,
75136,75136.0,2019-03-17,14.0,5.0,1.0,
75148,75148.0,2019-03-17,15.0,5.0,1.0,
75171,75171.0,2019-03-17,17.0,5.0,3.0,
75183,75183.0,2019-03-17,18.0,5.0,2.0,
75195,75195.0,2019-03-17,19.0,5.0,1.0,
75207,75207.0,2019-03-17,20.0,5.0,2.0,
75230,75230.0,2019-03-17,22.0,5.0,47.0,
75313,75313.0,2019-03-18,7.0,5.0,2.0,
75325,75325.0,2019-03-18,8.0,5.0,1.0,
75337,75337.0,2019-03-18,9.0,5.0,4.0,
75349,75349.0,2019-03-18,10.0,5.0,1.0,
75372,75372.0,2019-03-18,12.0,5.0,1.0,
75384,75384.0,2019-03-18,13.0,5.0,6.0,
75396,75396.0,2019-03-18,14.0,5.0,2.0,
75419,75419.0,2019-03-18,16.0,5.0,2.0,
75442,75442.0,2019-03-18,18.0,5.0,8.0,
75454,75454.0,2019-03-18,19.0,5.0,8.0,
75477,75477.0,2019-03-18,21.0,5.0,20.0,
75578,75578.0,2019-03-19,8.0,5.0,4.0,
75590,75590.0,2019-03-19,9.0,5.0,1.0,
75613,75613.0,2019-03-19,11.0,5.0,4.0,
75691,75691.0,2019-03-19,18.0,5.0,19.0,
75703,75703.0,2019-03-19,19.0,5.0,1.0,
75715,75715.0,2019-03-19,20.0,5.0,1.0,
75727,75727.0,2019-03-19,21.0,5.0,1.0,
75823,75823.0,2019-03-20,7.0,5.0,1.0,
75835,75835.0,2019-03-20,8.0,5.0,5.0,
75847,75847.0,2019-03-20,9.0,5.0,1.0,
75859,75859.0,2019-03-20,10.0,5.0,2.0,
75871,75871.0,2019-03-20,11.0,5.0,1.0,
75883,75883.0,2019-03-20,12.0,5.0,6.0,
75895,75895.0,2019-03-20,13.0,5.0,5.0,
75918,75918.0,2019-03-20,15.0,5.0,5.0,
75930,75930.0,2019-03-20,16.0,5.0,3.0,
75953,75953.0,2019-03-20,18.0,5.0,9.0,
75965,75965.0,2019-03-20,19.0,5.0,4.0,
75977,75977.0,2019-03-20,20.0,5.0,13.0,
75989,75989.0,2019-03-20,21.0,5.0,5.0,
76001,76001.0,2019-03-20,22.0,5.0,2.0,
76096,76096.0,2019-03-21,8.0,5.0,1.0,
76107,76107.0,2019-03-21,9.0,5.0,2.0,
76128,76128.0,2019-03-21,11.0,5.0,5.0,
76140,76140.0,2019-03-21,12.0,5.0,6.0,
76151,76151.0,2019-03-21,13.0,5.0,8.0,
76163,76163.0,2019-03-21,14.0,5.0,3.0,
76174,76174.0,2019-03-21,15.0,5.0,2.0,
76186,76186.0,2019-03-21,16.0,5.0,1.0,
76209,76209.0,2019-03-21,18.0,5.0,2.0,
76232,76232.0,2019-03-21,20.0,5.0,16.0,
76244,76244.0,2019-03-21,21.0,5.0,11.0,
76256,76256.0,2019-03-21,22.0,5.0,11.0,
76267,76267.0,2019-03-21,23.0,5.0,3.0,
76278,76278.0,2019-03-22,0.0,5.0,6.0,
76296,76296.0,2019-03-22,2.0,5.0,1.0,
76309,76309.0,2019-03-22,4.0,5.0,7.0,
76348,76348.0,2019-03-22,8.0,5.0,1.0,
76359,76359.0,2019-03-22,9.0,5.0,1.0,
76371,76371.0,2019-03-22,10.0,5.0,4.0,
76383,76383.0,2019-03-22,11.0,5.0,3.0,
76406,76406.0,2019-03-22,13.0,5.0,1.0,
76418,76418.0,2019-03-22,14.0,5.0,1.0,
76430,76430.0,2019-03-22,15.0,5.0,2.0,
76442,76442.0,2019-03-22,16.0,5.0,2.0,
76454,76454.0,2019-03-22,17.0,5.0,1.0,
76477,76477.0,2019-03-22,19.0,5.0,2.0,
76489,76489.0,2019-03-22,20.0,5.0,33.0,
76501,76501.0,2019-03-22,21.0,5.0,1.0,
76513,76513.0,2019-03-22,22.0,5.0,2.0,
76589,76589.0,2019-03-23,6.0,5.0,1.0,
76601,76601.0,2019-03-23,7.0,5.0,2.0,
76612,76612.0,2019-03-23,8.0,5.0,1.0,
76635,76635.0,2019-03-23,10.0,5.0,3.0,
76647,76647.0,2019-03-23,11.0,5.0,2.0,
76659,76659.0,2019-03-23,12.0,5.0,4.0,
76671,76671.0,2019-03-23,13.0,5.0,1.0,
76683,76683.0,2019-03-23,14.0,5.0,4.0,
76695,76695.0,2019-03-23,15.0,5.0,4.0,
76707,76707.0,2019-03-23,16.0,5.0,2.0,
76719,76719.0,2019-03-23,17.0,5.0,2.0,
76731,76731.0,2019-03-23,18.0,5.0,6.0,
76743,76743.0,2019-03-23,19.0,5.0,1.0,
76755,76755.0,2019-03-23,20.0,5.0,3.0,
76767,76767.0,2019-03-23,21.0,5.0,1.0,
76779,76779.0,2019-03-23,22.0,5.0,1.0,
76790,76790.0,2019-03-23,23.0,5.0,1.0,
76849,76849.0,2019-03-24,6.0,5.0,1.0,
76871,76871.0,2019-03-24,8.0,5.0,1.0,
76905,76905.0,2019-03-24,11.0,5.0,2.0,
76928,76928.0,2019-03-24,13.0,5.0,3.0,
76962,76962.0,2019-03-24,16.0,5.0,2.0,
76974,76974.0,2019-03-24,17.0,5.0,1.0,
76986,76986.0,2019-03-24,18.0,5.0,2.0,
76998,76998.0,2019-03-24,19.0,5.0,1.0,
77021,77021.0,2019-03-24,21.0,5.0,4.0,
77033,77033.0,2019-03-24,22.0,5.0,1.0,
77093,77093.0,2019-03-25,5.0,5.0,1.0,
77127,77127.0,2019-03-25,8.0,5.0,2.0,
77150,77150.0,2019-03-25,10.0,5.0,3.0,
77184,77184.0,2019-03-25,13.0,5.0,1.0,
77207,77207.0,2019-03-25,15.0,5.0,1.0,
77219,77219.0,2019-03-25,16.0,5.0,3.0,
77231,77231.0,2019-03-25,17.0,5.0,1.0,
77243,77243.0,2019-03-25,18.0,5.0,2.0,
77266,77266.0,2019-03-25,20.0,5.0,4.0,
77365,77365.0,2019-03-26,7.0,5.0,4.0,
77376,77376.0,2019-03-26,8.0,5.0,2.0,
77409,77409.0,2019-03-26,11.0,5.0,3.0,
77454,77454.0,2019-03-26,15.0,5.0,1.0,
77466,77466.0,2019-03-26,16.0,5.0,2.0,
77489,77489.0,2019-03-26,18.0,5.0,5.0,
77501,77501.0,2019-03-26,19.0,5.0,17.0,
77513,77513.0,2019-03-26,20.0,5.0,2.0,
77525,77525.0,2019-03-26,21.0,5.0,1.0,
77537,77537.0,2019-03-26,22.0,5.0,1.0,
77548,77548.0,2019-03-26,23.0,5.0,1.0,
77620,77620.0,2019-03-27,7.0,5.0,1.0,
77632,77632.0,2019-03-27,8.0,5.0,1.0,
77666,77666.0,2019-03-27,11.0,5.0,3.0,
77689,77689.0,2019-03-27,13.0,5.0,1.0,
77701,77701.0,2019-03-27,14.0,5.0,1.0,
77713,77713.0,2019-03-27,15.0,5.0,3.0,
77725,77725.0,2019-03-27,16.0,5.0,1.0,
77737,77737.0,2019-03-27,17.0,5.0,2.0,
77749,77749.0,2019-03-27,18.0,5.0,1.0,
77761,77761.0,2019-03-27,19.0,5.0,5.0,
77773,77773.0,2019-03-27,20.0,5.0,7.0,
77795,77795.0,2019-03-27,22.0,5.0,1.0,
77865,77865.0,2019-03-28,6.0,5.0,1.0,
77887,77887.0,2019-03-28,8.0,5.0,3.0,
77899,77899.0,2019-03-28,9.0,5.0,5.0,
77911,77911.0,2019-03-28,10.0,5.0,41.0,
77923,77923.0,2019-03-28,11.0,5.0,3.0,
77935,77935.0,2019-03-28,12.0,5.0,2.0,
77947,77947.0,2019-03-28,13.0,5.0,1.0,
77959,77959.0,2019-03-28,14.0,5.0,3.0,
77971,77971.0,2019-03-28,15.0,5.0,22.0,
77983,77983.0,2019-03-28,16.0,5.0,2.0,
78006,78006.0,2019-03-28,18.0,5.0,8.0,
78039,78039.0,2019-03-28,21.0,5.0,3.0,
78051,78051.0,2019-03-28,22.0,5.0,2.0,
78063,78063.0,2019-03-28,23.0,5.0,1.0,
78104,78104.0,2019-03-29,4.0,5.0,2.0,
78145,78145.0,2019-03-29,8.0,5.0,1.0,
78168,78168.0,2019-03-29,10.0,5.0,2.0,
78180,78180.0,2019-03-29,11.0,5.0,1.0,
78192,78192.0,2019-03-29,12.0,5.0,4.0,
78204,78204.0,2019-03-29,13.0,5.0,1.0,
78215,78215.0,2019-03-29,14.0,5.0,3.0,
78227,78227.0,2019-03-29,15.0,5.0,2.0,
78249,78249.0,2019-03-29,17.0,5.0,1.0,
78261,78261.0,2019-03-29,18.0,5.0,3.0,
78273,78273.0,2019-03-29,19.0,5.0,1.0,
78285,78285.0,2019-03-29,20.0,5.0,4.0,
78297,78297.0,2019-03-29,21.0,5.0,4.0,
78320,78320.0,2019-03-29,23.0,5.0,1.0,
78330,78330.0,2019-03-30,0.0,5.0,1.0,
78364,78364.0,2019-03-30,4.0,5.0,2.0,
78407,78407.0,2019-03-30,8.0,5.0,13.0,
78419,78419.0,2019-03-30,9.0,5.0,1.0,
78430,78430.0,2019-03-30,10.0,5.0,1.0,
78442,78442.0,2019-03-30,11.0,5.0,4.0,
78465,78465.0,2019-03-30,13.0,5.0,4.0,
78477,78477.0,2019-03-30,14.0,5.0,4.0,
78489,78489.0,2019-03-30,15.0,5.0,1.0,
78501,78501.0,2019-03-30,16.0,5.0,2.0,
78513,78513.0,2019-03-30,17.0,5.0,4.0,
78525,78525.0,2019-03-30,18.0,5.0,3.0,
78537,78537.0,2019-03-30,19.0,5.0,1.0,
78549,78549.0,2019-03-30,20.0,5.0,13.0,
78561,78561.0,2019-03-30,21.0,5.0,1.0,
78636,78636.0,2019-03-31,5.0,5.0,2.0,
78667,78667.0,2019-03-31,8.0,5.0,1.0,
78679,78679.0,2019-03-31,9.0,5.0,2.0,
78691,78691.0,2019-03-31,10.0,5.0,1.0,
78702,78702.0,2019-03-31,11.0,5.0,4.0,
78714,78714.0,2019-03-31,12.0,5.0,2.0,
78726,78726.0,2019-03-31,13.0,5.0,5.0,
78759,78759.0,2019-03-31,16.0,5.0,1.0,
78771,78771.0,2019-03-31,17.0,5.0,1.0,
78783,78783.0,2019-03-31,18.0,5.0,3.0,
78794,78794.0,2019-03-31,19.0,5.0,21.0,
78806,78806.0,2019-03-31,20.0,5.0,1.0,
78818,78818.0,2019-03-31,21.0,5.0,4.0,
78830,78830.0,2019-03-31,22.0,5.0,1.0,
78923,78923.0,2019-04-01,8.0,5.0,1.0,
78946,78946.0,2019-04-01,10.0,5.0,2.0,
78958,78958.0,2019-04-01,11.0,5.0,1.0,
78992,78992.0,2019-04-01,14.0,5.0,1.0,
79004,79004.0,2019-04-01,15.0,5.0,1.0,
79016,79016.0,2019-04-01,16.0,5.0,3.0,
79028,79028.0,2019-04-01,17.0,5.0,2.0,
79040,79040.0,2019-04-01,18.0,5.0,5.0,
79052,79052.0,2019-04-01,19.0,5.0,2.0,
79064,79064.0,2019-04-01,20.0,5.0,4.0,
79076,79076.0,2019-04-01,21.0,5.0,2.0,
79087,79087.0,2019-04-01,22.0,5.0,2.0,
79116,79116.0,2019-04-02,1.0,5.0,5.0,
79125,79125.0,2019-04-02,2.0,5.0,2.0,
79141,79141.0,2019-04-02,4.0,5.0,1.0,
79173,79173.0,2019-04-02,7.0,5.0,1.0,
79185,79185.0,2019-04-02,8.0,5.0,6.0,
79197,79197.0,2019-04-02,9.0,5.0,8.0,
79209,79209.0,2019-04-02,10.0,5.0,1.0,
79221,79221.0,2019-04-02,11.0,5.0,2.0,
79244,79244.0,2019-04-02,13.0,5.0,1.0,
79256,79256.0,2019-04-02,14.0,5.0,2.0,
79267,79267.0,2019-04-02,15.0,5.0,1.0,
79278,79278.0,2019-04-02,16.0,5.0,1.0,
79290,79290.0,2019-04-02,17.0,5.0,3.0,
79313,79313.0,2019-04-02,19.0,5.0,1.0,
79325,79325.0,2019-04-02,20.0,5.0,3.0,
79336,79336.0,2019-04-02,21.0,5.0,1.0,
79439,79439.0,2019-04-03,8.0,5.0,2.0,
79451,79451.0,2019-04-03,9.0,5.0,3.0,
79560,79560.0,2019-04-03,19.0,5.0,7.0,
79572,79572.0,2019-04-03,20.0,5.0,10.0,
79584,79584.0,2019-04-03,21.0,5.0,16.0,
79596,79596.0,2019-04-03,22.0,5.0,2.0,
79667,79667.0,2019-04-04,6.0,5.0,2.0,
79688,79688.0,2019-04-04,8.0,5.0,2.0,
79700,79700.0,2019-04-04,9.0,5.0,1.0,
79733,79733.0,2019-04-04,12.0,5.0,2.0,
79745,79745.0,2019-04-04,13.0,5.0,1.0,
79778,79778.0,2019-04-04,16.0,5.0,1.0,
79790,79790.0,2019-04-04,17.0,5.0,3.0,
79802,79802.0,2019-04-04,18.0,5.0,1.0,
79814,79814.0,2019-04-04,19.0,5.0,4.0,
79825,79825.0,2019-04-04,20.0,5.0,3.0,
79837,79837.0,2019-04-04,21.0,5.0,3.0,
79849,79849.0,2019-04-04,22.0,5.0,2.0,
79939,79939.0,2019-04-05,8.0,5.0,2.0,
79961,79961.0,2019-04-05,10.0,5.0,1.0,
79984,79984.0,2019-04-05,12.0,5.0,3.0,
79995,79995.0,2019-04-05,13.0,5.0,2.0,
80007,80007.0,2019-04-05,14.0,5.0,1.0,
80018,80018.0,2019-04-05,15.0,5.0,1.0,
80030,80030.0,2019-04-05,16.0,5.0,2.0,
80042,80042.0,2019-04-05,17.0,5.0,2.0,
80054,80054.0,2019-04-05,18.0,5.0,2.0,
80077,80077.0,2019-04-05,20.0,5.0,6.0,
80089,80089.0,2019-04-05,21.0,5.0,3.0,
80100,80100.0,2019-04-05,22.0,5.0,2.0,
80121,80121.0,2019-04-06,0.0,5.0,2.0,
80200,80200.0,2019-04-06,8.0,5.0,1.0,
80211,80211.0,2019-04-06,9.0,5.0,3.0,
80233,80233.0,2019-04-06,11.0,5.0,1.0,
80244,80244.0,2019-04-06,12.0,5.0,9.0,
80255,80255.0,2019-04-06,13.0,5.0,2.0,
80267,80267.0,2019-04-06,14.0,5.0,1.0,
80278,80278.0,2019-04-06,15.0,5.0,4.0,
80289,80289.0,2019-04-06,16.0,5.0,10.0,
80321,80321.0,2019-04-06,19.0,5.0,1.0,
80333,80333.0,2019-04-06,20.0,5.0,15.0,
80344,80344.0,2019-04-06,21.0,5.0,4.0,
80356,80356.0,2019-04-06,22.0,5.0,1.0,
80365,80365.0,2019-04-06,23.0,5.0,5.0,
80488,80488.0,2019-04-07,12.0,5.0,1.0,
80519,80519.0,2019-04-07,15.0,5.0,3.0,
80542,80542.0,2019-04-07,17.0,5.0,4.0,
80553,80553.0,2019-04-07,18.0,5.0,3.0,
80564,80564.0,2019-04-07,19.0,5.0,3.0,
80576,80576.0,2019-04-07,20.0,5.0,4.0,
80598,80598.0,2019-04-07,22.0,5.0,2.0,
80608,80608.0,2019-04-07,23.0,5.0,1.0,
